{
  "Neutral": {
    "precision": 0.7142857142857143,
    "recall": 0.5,
    "f1-score": 0.5882352941176471,
    "support": 10.0
  },
  "Happy": {
    "precision": 0.6818181818181818,
    "recall": 0.75,
    "f1-score": 0.7142857142857143,
    "support": 20.0
  },
  "Sad": {
    "precision": 0.7222222222222222,
    "recall": 0.65,
    "f1-score": 0.6842105263157895,
    "support": 20.0
  },
  "Angry": {
    "precision": 0.7222222222222222,
    "recall": 0.65,
    "f1-score": 0.6842105263157895,
    "support": 20.0
  },
  "Fearful": {
    "precision": 0.8421052631578947,
    "recall": 0.8,
    "f1-score": 0.8205128205128205,
    "support": 20.0
  },
  "Disgusted": {
    "precision": 0.6153846153846154,
    "recall": 0.8,
    "f1-score": 0.6956521739130435,
    "support": 20.0
  },
  "Surprised": {
    "precision": 0.75,
    "recall": 0.75,
    "f1-score": 0.75,
    "support": 20.0
  },
  "accuracy": 0.7153846153846154,
  "macro avg": {
    "precision": 0.7211483170129787,
    "recall": 0.7,
    "f1-score": 0.7053010079229721,
    "support": 130.0
  },
  "weighted avg": {
    "precision": 0.7216762095304605,
    "recall": 0.7153846153846154,
    "f1-score": 0.714306062831074,
    "support": 130.0
  }
}