{
  "Neutral": {
    "precision": 0.6363636363636364,
    "recall": 0.7,
    "f1-score": 0.6666666666666666,
    "support": 10.0
  },
  "Happy": {
    "precision": 0.52,
    "recall": 0.65,
    "f1-score": 0.5777777777777777,
    "support": 20.0
  },
  "Sad": {
    "precision": 0.6875,
    "recall": 0.55,
    "f1-score": 0.6111111111111112,
    "support": 20.0
  },
  "Angry": {
    "precision": 0.7857142857142857,
    "recall": 0.55,
    "f1-score": 0.6470588235294118,
    "support": 20.0
  },
  "Fearful": {
    "precision": 0.7777777777777778,
    "recall": 0.7,
    "f1-score": 0.7368421052631579,
    "support": 20.0
  },
  "Disgusted": {
    "precision": 0.5357142857142857,
    "recall": 0.75,
    "f1-score": 0.625,
    "support": 20.0
  },
  "Surprised": {
    "precision": 0.7777777777777778,
    "recall": 0.7,
    "f1-score": 0.7368421052631579,
    "support": 20.0
  },
  "accuracy": 0.6538461538461539,
  "macro avg": {
    "precision": 0.6744068233353947,
    "recall": 0.6571428571428573,
    "f1-score": 0.6573283699444691,
    "support": 130.0
  },
  "weighted avg": {
    "precision": 0.6773332223332224,
    "recall": 0.6538461538461539,
    "f1-score": 0.6566100394273768,
    "support": 130.0
  }
}