{
  "Neutral": {
    "precision": 0.5454545454545454,
    "recall": 0.6,
    "f1-score": 0.5714285714285714,
    "support": 10.0
  },
  "Happy": {
    "precision": 0.7142857142857143,
    "recall": 0.75,
    "f1-score": 0.7317073170731707,
    "support": 20.0
  },
  "Sad": {
    "precision": 0.6666666666666666,
    "recall": 0.6,
    "f1-score": 0.631578947368421,
    "support": 20.0
  },
  "Angry": {
    "precision": 0.7647058823529411,
    "recall": 0.65,
    "f1-score": 0.7027027027027027,
    "support": 20.0
  },
  "Fearful": {
    "precision": 0.75,
    "recall": 0.6,
    "f1-score": 0.6666666666666666,
    "support": 20.0
  },
  "Disgusted": {
    "precision": 0.782608695652174,
    "recall": 0.9,
    "f1-score": 0.8372093023255814,
    "support": 20.0
  },
  "Surprised": {
    "precision": 0.7083333333333334,
    "recall": 0.85,
    "f1-score": 0.7727272727272727,
    "support": 20.0
  },
  "accuracy": 0.7153846153846154,
  "macro avg": {
    "precision": 0.7045792625350534,
    "recall": 0.7071428571428572,
    "f1-score": 0.702002968613198,
    "support": 130.0
  },
  "weighted avg": {
    "precision": 0.7168196253874004,
    "recall": 0.7153846153846154,
    "f1-score": 0.7120471530120156,
    "support": 130.0
  }
}