{
  "Neutral": {
    "precision": 0.7692307692307693,
    "recall": 1.0,
    "f1-score": 0.8695652173913043,
    "support": 10.0
  },
  "Happy": {
    "precision": 0.8235294117647058,
    "recall": 0.7,
    "f1-score": 0.7567567567567568,
    "support": 20.0
  },
  "Sad": {
    "precision": 0.7777777777777778,
    "recall": 0.7,
    "f1-score": 0.7368421052631579,
    "support": 20.0
  },
  "Angry": {
    "precision": 0.7142857142857143,
    "recall": 0.75,
    "f1-score": 0.7317073170731707,
    "support": 20.0
  },
  "Fearful": {
    "precision": 0.7619047619047619,
    "recall": 0.8,
    "f1-score": 0.7804878048780488,
    "support": 20.0
  },
  "Disgusted": {
    "precision": 0.7272727272727273,
    "recall": 0.8,
    "f1-score": 0.7619047619047619,
    "support": 20.0
  },
  "Surprised": {
    "precision": 0.8333333333333334,
    "recall": 0.75,
    "f1-score": 0.7894736842105263,
    "support": 20.0
  },
  "accuracy": 0.7692307692307693,
  "macro avg": {
    "precision": 0.7724763565099699,
    "recall": 0.7857142857142857,
    "f1-score": 0.7752482353539609,
    "support": 130.0
  },
  "weighted avg": {
    "precision": 0.7727260170699085,
    "recall": 0.7692307692307693,
    "f1-score": 0.76799308288955,
    "support": 130.0
  }
}