{
  "Neutral": {
    "precision": 0.7272727272727273,
    "recall": 0.8,
    "f1-score": 0.7619047619047619,
    "support": 10.0
  },
  "Happy": {
    "precision": 0.68,
    "recall": 0.85,
    "f1-score": 0.7555555555555555,
    "support": 20.0
  },
  "Sad": {
    "precision": 0.6842105263157895,
    "recall": 0.65,
    "f1-score": 0.6666666666666666,
    "support": 20.0
  },
  "Angry": {
    "precision": 0.9375,
    "recall": 0.75,
    "f1-score": 0.8333333333333334,
    "support": 20.0
  },
  "Fearful": {
    "precision": 0.7857142857142857,
    "recall": 0.55,
    "f1-score": 0.6470588235294118,
    "support": 20.0
  },
  "Disgusted": {
    "precision": 0.6333333333333333,
    "recall": 0.95,
    "f1-score": 0.76,
    "support": 20.0
  },
  "Surprised": {
    "precision": 0.8,
    "recall": 0.6,
    "f1-score": 0.6857142857142857,
    "support": 20.0
  },
  "accuracy": 0.7307692307692307,
  "macro avg": {
    "precision": 0.7497186960908764,
    "recall": 0.7357142857142857,
    "f1-score": 0.7300333466720021,
    "support": 130.0
  },
  "weighted avg": {
    "precision": 0.7514453090768881,
    "recall": 0.7307692307692307,
    "f1-score": 0.7275816993464053,
    "support": 130.0
  }
}